Workbook

Sheet 요약
A1: Onedow 블러 OFF UI 스모크 점검 리포트
A3: 점검일 | B3: 2026-10-07
A4: 대상 빌드 | B4: build/windows/x64/Release/WiNILL.exe (작업 트리 기준, 미커밋)
A5: 점검 방법 | B5: 스모크 캡처(ONEDOW_SMOKE_BLUR=0/1)로 12개 화면을 촬영 → 실제 투명도로 테스트 배경 위에 합성 → 대비비 계산 + 육안 판정
A6: 점검 범위 | B6: KR/EN/JP × 2560×1599, KR/EN × 1280×720 (블러 OFF), KR × 2560×1599 (블러 ON 비교)
A7: 시뮬레이션 검증 | B7: 흰 창을 게임 뒤에 두고 실제 화면을 캡처해 합성 결과와 비교: 평균 픽셀 차 0.5/255 (메인 메뉴), 0.4/255 (일시정지)
A9: 판정 집계 (블러 OFF 종합)
A10: PASS | B10: =COUNTIF('점검 결과'!$L$5:$L$16,A10) -> 0
A11: 주의 | B11: =COUNTIF('점검 결과'!$L$5:$L$16,A11) -> 3
A12: FAIL | B12: =COUNTIF('점검 결과'!$L$5:$L$16,A12) -> 9
A13: 점검 화면 수 | B13: =COUNTA('점검 결과'!$B$5:$B$16) -> 12
A15: 핵심 결론
A16: 1. 메뉴 계열 화면 | B16: 메인·런 설정·상점·도감·설정 화면은 블러를 켜도 꺼도 막 불투명도가 약 0.32~0.37로 같습니다. 블러를 끄면 바탕화면의 63~68%가 흐려지지 않은 채 비쳐, 작은 설명·수치·옵션 값이 배경 글자와 섞여 읽을 수 없습니다(FAIL).
A17: 2. 모달 화면의 막 약화 | B17: 블러를 끄면 일시정지 0.85→0.46, 게임오버 0.88→0.57, 증강 선택 0.93→0.74로 막이 얇아집니다. 특히 게임오버의 수치·라벨과 일시정지 배경이 산만합니다.
A18: 3. 게임 플레이 HUD | B18: HUD 아래에는 막이 없어(불투명도 ≈0) 밝은 바탕화면 위에서는 점수·레벨·조작 안내가 보이지 않습니다. 이 문제는 블러 설정과 무관하게 밝은 배경에서 발생합니다.
A19: 4. 밝은 배경 대비 | B19: 흰 글자 기준 흰 배경 대비비는 메뉴 계열이 블러 OFF 2.2~2.6:1로 WCAG 최소 기준(4.5:1)에 못 미칩니다. 블러를 켜도 막 불투명도가 같아 2.7~3.4:1(아크릴 틴트 몫만큼 개선)에 그치며, 블러는 주로 배경 무늬를 지워 줍니다.
A20: 5. 언어·해상도 | B20: KR/EN/JP와 1280×720에서도 막 불투명도가 같은 수준이라 결론이 동일합니다(1280×720은 0.02~0.05 더 불투명). '언어·해상도' 시트 참조.
A22: 권장 조치 요약
A23: 자세한 내용은 '이슈·권장 조치' 시트를 참조하세요.

Sheet 점검 결과
A1: 블러 OFF UI 가독성 점검 결과 (KR, 2560×1599)
A2: 파란 글자 = 스모크 캡처에서 측정한 값(입력값), 검은 글자 = 수식 계산값. 판정 기준과 상수는 '방법·가정' 시트 B열을 참조합니다.
A4: No | B4: 화면 | C4: 진입 경로 | D4: 막 불투명도 블러 ON (측정) | E4: 막 불투명도 블러 OFF (측정) | F4: 바탕 비침 블러 OFF | G4: 흰 배경 대비비 블러 ON | H4: 흰 배경 대비비 블러 OFF | I4: 대비 판정 (흰 배경, OFF) | J4: 육안 판정 복잡한 배경 | K4: 육안 판정 흰 배경 | L4: 종합 판정 (블러 OFF) | M4: 관찰 내용 | N4: 캡처(build/smoke/)
A5: 1 | B5: 메인 메뉴 | C5: MAIN_MENU | D5: 0.322 | E5: 0.322 | F5: =1-E5 -> 0.678 | G5: =1.05/(IF((1-D5)*(1-방법·가정!$B$6)<=0.04045,(1-D5)*(1-방법·가정!$B$6)/12.92,(((1-D5)*(1-방법·가정!$B$6)+0.055)/1.055)^2.4)+0.05) -> 2.7240535 | H5: =1.05/(IF((1-E5)<=0.04045,(1-E5)/12.92,(((1-E5)+0.055)/1.055)^2.4)+0.05) -> 2.2469725 | I5: =IF(H5>=방법·가정!$B$7,"PASS",IF(H5>=방법·가정!$B$8,"주의","FAIL")) -> FAIL | J5: 주의 | K5: 주의 | L5: =IF(OR(I5="FAIL",J5="FAIL",K5="FAIL"),"FAIL",IF(OR(I5="주의",J5="주의",K5="주의"),"주의","PASS")) -> FAIL | M5: 좌측 메뉴 버튼은 비네트 덕분에 읽힘. 로고와 우측 구체가 배경 창·글자와 섞임. 흰 배경에서는 회색 위 흰 글자로 대비가 약함. | N5: blur0/blur0_KR_01_MENU.png blur_report/comp/blur0_KR_01_MENU__busy.png
A6: 2 | B6: 런 설정(플레이) | C6: MAIN_MENU > PLAY | D6: 0.373 | E6: 0.373 | F6: =1-E6 -> 0.627 | G6: =1.05/(IF((1-D6)*(1-방법·가정!$B$6)<=0.04045,(1-D6)*(1-방법·가정!$B$6)/12.92,(((1-D6)*(1-방법·가정!$B$6)+0.055)/1.055)^2.4)+0.05) -> 3.1575817 | H6: =1.05/(IF((1-E6)<=0.04045,(1-E6)/12.92,(((1-E6)+0.055)/1.055)^2.4)+0.05) -> 2.6186149 | I6: =IF(H6>=방법·가정!$B$7,"PASS",IF(H6>=방법·가정!$B$8,"주의","FAIL")) -> FAIL | J6: FAIL | K6: FAIL | L6: =IF(OR(I6="FAIL",J6="FAIL",K6="FAIL"),"FAIL",IF(OR(I6="주의",J6="주의",K6="주의"),"주의","PASS")) -> FAIL | M6: 시련 목록 설명·점수 보정, 무기 스탯, 좌측 활성 효과 설명 등 작은 글자가 배경 글자와 섞여 판독 불가. 흰 배경에서는 하늘색·주황 글자가 거의 사라짐. | N6: blur0/blur0_KR_02_PLAY.png blur_report/comp/blur0_KR_02_PLAY__busy.png
A7: 3 | B7: 상점(코어 모듈) | C7: MAIN_MENU > SHOP | D7: 0.396 | E7: 0.318 | F7: =1-E7 -> 0.682 | G7: =1.05/(IF((1-D7)*(1-방법·가정!$B$6)<=0.04045,(1-D7)*(1-방법·가정!$B$6)/12.92,(((1-D7)*(1-방법·가정!$B$6)+0.055)/1.055)^2.4)+0.05) -> 3.3829119 | H7: =1.05/(IF((1-E7)<=0.04045,(1-E7)/12.92,(((1-E7)+0.055)/1.055)^2.4)+0.05) -> 2.2208987 | I7: =IF(H7>=방법·가정!$B$7,"PASS",IF(H7>=방법·가정!$B$8,"주의","FAIL")) -> FAIL | J7: FAIL | K7: FAIL | L7: =IF(OR(I7="FAIL",J7="FAIL",K7="FAIL"),"FAIL",IF(OR(I7="주의",J7="주의",K7="주의"),"주의","PASS")) -> FAIL | M7: 우측 상세의 레벨·비용·보유량 등 작은 수치와 별자리 라벨이 판독 불가. 큰 제목(최대 체력 +20)과 좌측 메뉴만 읽힘. | N7: blur0/blur0_KR_03_SHOP.png blur_report/comp/blur0_KR_03_SHOP__busy.png
A8: 4 | B8: 도감 | C8: MAIN_MENU > CODEX | D8: 0.345 | E8: 0.345 | F8: =1-E8 -> 0.655 | G8: =1.05/(IF((1-D8)*(1-방법·가정!$B$6)<=0.04045,(1-D8)*(1-방법·가정!$B$6)/12.92,(((1-D8)*(1-방법·가정!$B$6)+0.055)/1.055)^2.4)+0.05) -> 2.9091346 | H8: =1.05/(IF((1-E8)<=0.04045,(1-E8)/12.92,(((1-E8)+0.055)/1.055)^2.4)+0.05) -> 2.4051813 | I8: =IF(H8>=방법·가정!$B$7,"PASS",IF(H8>=방법·가정!$B$8,"주의","FAIL")) -> FAIL | J8: FAIL | K8: FAIL | L8: =IF(OR(I8="FAIL",J8="FAIL",K8="FAIL"),"FAIL",IF(OR(I8="주의",J8="주의",K8="주의"),"주의","PASS")) -> FAIL | M8: 엔티티 상세(기록 요약, TIER/KILLS/HP 등)와 검색창 안내가 배경과 섞임. 흰 배경에서 상세 수치가 거의 보이지 않음. | N8: blur0/blur0_KR_04_CODEX.png blur_report/comp/blur0_KR_04_CODEX__busy.png
A9: 5 | B9: 도감 검색(결과 없음) | C9: CODEX + SEARCH=zzqx | D9: 0.345 | E9: 0.345 | F9: =1-E9 -> 0.655 | G9: =1.05/(IF((1-D9)*(1-방법·가정!$B$6)<=0.04045,(1-D9)*(1-방법·가정!$B$6)/12.92,(((1-D9)*(1-방법·가정!$B$6)+0.055)/1.055)^2.4)+0.05) -> 2.9091346 | H9: =1.05/(IF((1-E9)<=0.04045,(1-E9)/12.92,(((1-E9)+0.055)/1.055)^2.4)+0.05) -> 2.4051813 | I9: =IF(H9>=방법·가정!$B$7,"PASS",IF(H9>=방법·가정!$B$8,"주의","FAIL")) -> FAIL | J9: 주의 | K9: 주의 | L9: =IF(OR(I9="FAIL",J9="FAIL",K9="FAIL"),"FAIL",IF(OR(I9="주의",J9="주의",K9="주의"),"주의","PASS")) -> FAIL | M9: '검색 결과 없음' 제목은 읽힘. 아래 안내 문구와 좌측 '검색 결과 0건'은 배경과 섞임. | N9: blur0/blur0_KR_05_SEARCH=zzqx.png blur_report/comp/blur0_KR_05_SEARCH=zzqx__busy.png
A10: 6 | B10: 설정 > 화면 | C10: MAIN_MENU > SETTINGS | D10: 0.329 | E10: 0.329 | F10: =1-E10 -> 0.671 | G10: =1.05/(IF((1-D10)*(1-방법·가정!$B$6)<=0.04045,(1-D10)*(1-방법·가정!$B$6)/12.92,(((1-D10)*(1-방법·가정!$B$6)+0.055)/1.055)^2.4)+0.05) -> 2.778686 | H10: =1.05/(IF((1-E10)<=0.04045,(1-E10)/12.92,(((1-E10)+0.055)/1.055)^2.4)+0.05) -> 2.2936026 | I10: =IF(H10>=방법·가정!$B$7,"PASS",IF(H10>=방법·가정!$B$8,"주의","FAIL")) -> FAIL | J10: FAIL | K10: FAIL | L10: =IF(OR(I10="FAIL",J10="FAIL",K10="FAIL"),"FAIL",IF(OR(I10="주의",J10="주의",K10="주의"),"주의","PASS")) -> FAIL | M10: 좌측 하위 설정 목록, 우측 설정명·옵션 값(꺼짐/켜짐, FPS 값)이 배경 글자와 섞임. 흰 배경에서는 설정명이 거의 보이지 않음. | N10: blur0/blur0_KR_06_SETTINGS.png blur_report/comp/blur0_KR_06_SETTINGS__busy.png
A11: 7 | B11: 설정 > 소리 | C11: SETTINGS + '소리' 호버 | D11: 0.329 | E11: 0.329 | F11: =1-E11 -> 0.671 | G11: =1.05/(IF((1-D11)*(1-방법·가정!$B$6)<=0.04045,(1-D11)*(1-방법·가정!$B$6)/12.92,(((1-D11)*(1-방법·가정!$B$6)+0.055)/1.055)^2.4)+0.05) -> 2.778686 | H11: =1.05/(IF((1-E11)<=0.04045,(1-E11)/12.92,(((1-E11)+0.055)/1.055)^2.4)+0.05) -> 2.2936026 | I11: =IF(H11>=방법·가정!$B$7,"PASS",IF(H11>=방법·가정!$B$8,"주의","FAIL")) -> FAIL | J11: FAIL | K11: FAIL | L11: =IF(OR(I11="FAIL",J11="FAIL",K11="FAIL"),"FAIL",IF(OR(I11="주의",J11="주의",K11="주의"),"주의","PASS")) -> FAIL | M11: 설정 > 화면과 동일. 볼륨 슬라이더 막대는 보이나 설정명·옵션 값 판독이 어려움. | N11: blur0/blur0_KR_07_WAIT.png blur_report/comp/blur0_KR_07_WAIT__busy.png
A12: 8 | B12: 게임 플레이 HUD | C12: RUN(전투 중) | D12: 0 | E12: 0 | F12: =1-E12 -> 1 | G12: =1.05/(IF((1-D12)*(1-방법·가정!$B$6)<=0.04045,(1-D12)*(1-방법·가정!$B$6)/12.92,(((1-D12)*(1-방법·가정!$B$6)+0.055)/1.055)^2.4)+0.05) -> 1.2362576 | H12: =1.05/(IF((1-E12)<=0.04045,(1-E12)/12.92,(((1-E12)+0.055)/1.055)^2.4)+0.05) -> 1 | I12: =IF(H12>=방법·가정!$B$7,"PASS",IF(H12>=방법·가정!$B$8,"주의","FAIL")) -> FAIL | J12: 주의 | K12: FAIL | L12: =IF(OR(I12="FAIL",J12="FAIL",K12="FAIL"),"FAIL",IF(OR(I12="주의",J12="주의",K12="주의"),"주의","PASS")) -> FAIL | M12: HUD 아래 막이 없어 바탕화면이 그대로 보임(블러를 켜도 막 불투명도는 같고 바탕만 흐려짐). 흰 배경에서는 점수·레벨·조작 안내가 보이지 않음. | N12: blur0/blur0_KR_08_RUN.png blur_report/comp/blur0_KR_08_RUN__busy.png
A13: 9 | B13: 증강 선택 | C13: RUN > AUG_SELECT | D13: 0.925 | E13: 0.737 | F13: =1-E13 -> 0.263 | G13: =1.05/(IF((1-D13)*(1-방법·가정!$B$6)<=0.04045,(1-D13)*(1-방법·가정!$B$6)/12.92,(((1-D13)*(1-방법·가정!$B$6)+0.055)/1.055)^2.4)+0.05) -> 18.834641 | H13: =1.05/(IF((1-E13)<=0.04045,(1-E13)/12.92,(((1-E13)+0.055)/1.055)^2.4)+0.05) -> 9.8835979 | I13: =IF(H13>=방법·가정!$B$7,"PASS",IF(H13>=방법·가정!$B$8,"주의","FAIL")) -> PASS | J13: 주의 | K13: PASS | L13: =IF(OR(I13="FAIL",J13="FAIL",K13="FAIL"),"FAIL",IF(OR(I13="주의",J13="주의",K13="주의"),"주의","PASS")) -> 주의 | M13: 카드 이름과 'AUG SELECT'는 읽힘. 원형 UI 뒤로 배경 창 무늬가 비쳐 산만함. 좌상단 보유 증강 목록의 작은 글자는 섞임. | N13: blur0/blur0_KR_11_AUGSEL=D_BLEED.png blur_report/comp/blur0_KR_11_AUGSEL=D_BLEED__busy.png
A14: 10 | B14: 증강 상세(카드 호버) | C14: AUG_SELECT + 카드 호버 | D14: 0.925 | E14: 0.737 | F14: =1-E14 -> 0.263 | G14: =1.05/(IF((1-D14)*(1-방법·가정!$B$6)<=0.04045,(1-D14)*(1-방법·가정!$B$6)/12.92,(((1-D14)*(1-방법·가정!$B$6)+0.055)/1.055)^2.4)+0.05) -> 18.834641 | H14: =1.05/(IF((1-E14)<=0.04045,(1-E14)/12.92,(((1-E14)+0.055)/1.055)^2.4)+0.05) -> 9.8835979 | I14: =IF(H14>=방법·가정!$B$7,"PASS",IF(H14>=방법·가정!$B$8,"주의","FAIL")) -> PASS | J14: 주의 | K14: PASS | L14: =IF(OR(I14="FAIL",J14="FAIL",K14="FAIL"),"FAIL",IF(OR(I14="주의",J14="주의",K14="주의"),"주의","PASS")) -> 주의 | M14: 상세 패널 제목은 읽히나 MECHANIC 설명 등 작은 글자 뒤로 배경 무늬가 비침. | N14: blur0/blur0_KR_12_WAIT.png blur_report/comp/blur0_KR_12_WAIT__busy.png
A15: 11 | B15: 일시정지 | C15: RUN > PAUSED | D15: 0.847 | E15: 0.459 | F15: =1-E15 -> 0.541 | G15: =1.05/(IF((1-D15)*(1-방법·가정!$B$6)<=0.04045,(1-D15)*(1-방법·가정!$B$6)/12.92,(((1-D15)*(1-방법·가정!$B$6)+0.055)/1.055)^2.4)+0.05) -> 15.649501 | H15: =1.05/(IF((1-E15)<=0.04045,(1-E15)/12.92,(((1-E15)+0.055)/1.055)^2.4)+0.05) -> 3.4542703 | I15: =IF(H15>=방법·가정!$B$7,"PASS",IF(H15>=방법·가정!$B$8,"주의","FAIL")) -> 주의 | J15: 주의 | K15: 주의 | L15: =IF(OR(I15="FAIL",J15="FAIL",K15="FAIL"),"FAIL",IF(OR(I15="주의",J15="주의",K15="주의"),"주의","PASS")) -> 주의 | M15: 블러를 끄면 막 불투명도가 0.85→0.46으로 떨어져 배경 창이 선명하게 보임. 메뉴 글자는 읽히지만 산만함. | N15: blur0/blur0_KR_13_PAUSED.png blur_report/comp/blur0_KR_13_PAUSED__busy.png
A16: 12 | B16: 게임오버(플레이 리포트) | C16: RUN > 포기 > GAMEOVER | D16: 0.878 | E16: 0.569 | F16: =1-E16 -> 0.431 | G16: =1.05/(IF((1-D16)*(1-방법·가정!$B$6)<=0.04045,(1-D16)*(1-방법·가정!$B$6)/12.92,(((1-D16)*(1-방법·가정!$B$6)+0.055)/1.055)^2.4)+0.05) -> 17.007974 | H16: =1.05/(IF((1-E16)<=0.04045,(1-E16)/12.92,(((1-E16)+0.055)/1.055)^2.4)+0.05) -> 5.1060112 | I16: =IF(H16>=방법·가정!$B$7,"PASS",IF(H16>=방법·가정!$B$8,"주의","FAIL")) -> PASS | J16: FAIL | K16: 주의 | L16: =IF(OR(I16="FAIL",J16="FAIL",K16="FAIL"),"FAIL",IF(OR(I16="주의",J16="주의",K16="주의"),"주의","PASS")) -> FAIL | M16: 최종 점수·최고 기록 등 수치와 라벨이 배경 글자와 섞임. 우측 빌드 별자리 라벨도 판독 어려움. | N16: blur0/blur0_KR_14_GAMEOVER.png blur_report/comp/blur0_KR_14_GAMEOVER__busy.png
A18: ※ 육안 판정(J·K열)은 합성 이미지를 직접 검토한 결과로, 측정값이 아닌 판단입니다. 대비비(G·H열)는 흰 글자를 가정한 최선의 경우이며 하늘색·주황 글자는 이보다 낮습니다.

Sheet 이슈·권장 조치
A1: ID | B1: 심각도 | C1: 대상 화면 | D1: 문제 | E1: 권장 조치 | F1: 근거
A2: B-01 | B2: High | C2: 런 설정·상점·도감·설정 | D2: 블러 OFF 시 막 불투명도 0.32~0.37로 작은 글자(설명·수치·옵션 값)가 바탕화면 글자와 섞여 판독 불가. | E2: 블러 OFF일 때만 메뉴 배경 막을 올림. 흰 배경 대비 4.5:1에 필요한 최소 불투명도는 '방법·가정' B10(≈0.54), 무늬 간섭까지 줄이려면 0.85 이상 권장. 공통 배경(DrawMenuBackground)에서 한 번에 처리 가능. | F2: 점검 결과 No 2~7
A3: B-02 | B3: High | C3: 게임 플레이 HUD | D3: HUD 아래 막이 없어 밝은 바탕화면 위에서 점수·레벨·조작 안내가 보이지 않음(블러 설정과 무관). | E3: HUD 글자에 외곽선/그림자 또는 반투명 판을 추가. 전투 화면 전체에 막을 깔면 오버레이 게임 성격이 바뀌므로 글자 단위 보강을 권장. | F3: 점검 결과 No 8
A4: B-03 | B4: Medium | C4: 게임오버 | D4: 블러 OFF 시 막 0.57로 최종 점수·최고 기록 등 수치와 라벨이 배경과 섞임. | E4: 블러 OFF 경로에서도 ON과 같은 수준(≈0.88)의 막을 그림. | F4: 점검 결과 No 12
A5: B-04 | B5: Medium | C5: 일시정지 | D5: 블러 OFF 시 막이 0.85→0.46으로 떨어져 배경이 선명하게 비침. | E5: 블러 OFF 경로에서도 ON과 같은 수준(≈0.85)의 막을 그림. | F5: 점검 결과 No 11
A6: B-05 | B6: Low | C6: 증강 선택·상세 | D6: 막 0.74로 큰 글자는 읽히나 상세 패널 작은 글자 뒤로 무늬가 비침. | E6: 상세 패널에 불투명 판(≈0.9)을 깔거나 막을 0.85로 상향. | F6: 점검 결과 No 9~10
A7: B-06 | B7: Low | C7: 메인 메뉴·검색 결과 없음 | D7: 큰 글자는 읽히나 로고·안내 문구가 배경과 섞임. | E7: B-01 조치로 함께 해결됨. | F7: 점검 결과 No 1, 5

Sheet 언어·해상도
A1: 화면 | B1: OFF 2560 KR | C1: OFF 2560 EN | D1: OFF 2560 JP | E1: OFF 1280 KR | F1: OFF 1280 EN | G1: ON 2560 KR | H1: OFF 최대-최소 차
A2: 메인 메뉴 | B2: 0.322 | C2: 0.322 | D2: 0.322 | E2: 0.353 | F2: 0.353 | G2: 0.322 | H2: =MAX(B2:F2)-MIN(B2:F2) -> 0.031
A3: 런 설정(플레이) | B3: 0.373 | C3: 0.373 | D3: 0.373 | E3: 0.396 | F3: 0.396 | G3: 0.373 | H3: =MAX(B3:F3)-MIN(B3:F3) -> 0.023
A4: 상점(코어 모듈) | B4: 0.318 | C4: 0.318 | D4: 0.318 | E4: 0.325 | F4: 0.325 | G4: 0.396 | H4: =MAX(B4:F4)-MIN(B4:F4) -> 0.007
A5: 도감 | B5: 0.345 | C5: 0.345 | D5: 0.345 | E5: 0.373 | F5: 0.373 | G5: 0.345 | H5: =MAX(B5:F5)-MIN(B5:F5) -> 0.028
A6: 도감 검색(결과 없음) | B6: 0.345 | C6: 0.345 | D6: 0.345 | E6: 0.373 | F6: 0.373 | G6: 0.345 | H6: =MAX(B6:F6)-MIN(B6:F6) -> 0.028
A7: 설정 > 화면 | B7: 0.329 | C7: 0.329 | D7: 0.329 | E7: 0.349 | F7: 0.349 | G7: 0.329 | H7: =MAX(B7:F7)-MIN(B7:F7) -> 0.02
A8: 설정 > 소리 | B8: 0.329 | C8: 0.329 | D8: 0.329 | E8: 0.349 | F8: 0.349 | G8: 0.329 | H8: =MAX(B8:F8)-MIN(B8:F8) -> 0.02
A9: 게임 플레이 HUD | B9: 0 | C9: 0 | D9: 0 | E9: 0.008 | F9: 0 | G9: 0 | H9: =MAX(B9:F9)-MIN(B9:F9) -> 0.008
A10: 증강 선택 | B10: 0.737 | C10: 0.737 | D10: 0.737 | E10: 0.745 | F10: 0.741 | G10: 0.925 | H10: =MAX(B10:F10)-MIN(B10:F10) -> 0.008
A11: 증강 상세(카드 호버) | B11: 0.737 | C11: 0.737 | D11: 0.737 | E11: 0.745 | F11: 0.745 | G11: 0.925 | H11: =MAX(B11:F11)-MIN(B11:F11) -> 0.008
A12: 일시정지 | B12: 0.459 | C12: 0.459 | D12: 0.459 | E12: 0.478 | F12: 0.478 | G12: 0.847 | H12: =MAX(B12:F12)-MIN(B12:F12) -> 0.019
A13: 게임오버(플레이 리포트) | B13: 0.569 | C13: 0.569 | D13: 0.569 | E13: 0.576 | F13: 0.576 | G13: 0.878 | H13: =MAX(B13:F13)-MIN(B13:F13) -> 0.007
A15: 값은 각 캡처의 알파 채널 중앙값(막 불투명도)입니다. 파란 글자 = 측정값.

Sheet 방법·가정
A1: 방법·가정
A3: 항목 | B3: 값 | C3: 설명·출처
A4: 흰 배경 sRGB 값 | B4: 1 | C4: 최악의 경우로 가정한 바탕화면(흰 문서·브라우저).
A5: 상수 참조 위치 | B5: B4~B10 | C5: '점검 결과' 시트의 대비비·판정 수식이 이 표의 B6~B8을 참조합니다.
A6: 아크릴 틴트 불투명도(블러 ON) | B6: 0.094 | C6: WiNILL/System/WindowFx.cpp gradientColor 알파 0x18(24/255). 블러 ON일 때 DWM이 바탕 위에 덧씌우는 진한 남색 막.
A7: 대비 PASS 기준 | B7: 4.5 | C7: WCAG 2.x 일반 텍스트 최소 대비(AA).
A8: 대비 주의 기준 | B8: 3 | C8: WCAG 2.x 큰 텍스트 최소 대비. 이 값 미만은 FAIL.
A9: 목표 대비(권장) | B9: 4.5 | C9: B10 계산에 쓰는 목표 대비비.
A10: 필요 최소 막 불투명도 | B10: =1-(1.055*((1.05/B9-0.05)^(1/2.4))-0.055) -> 0.53468095 | C10: 흰 배경에서 흰 글자가 B9 대비를 내려면 필요한 막 불투명도(수식). 배경 무늬 간섭까지 줄이려면 이보다 높게(≈0.85) 잡는 것을 권장.
A12: 점검 절차
A13: 1. 캡처 | B13: scripts/smoke_ui.ps1 -Blur 0|1 로 Release 빌드를 실행. ONEDOW_SMOKE_BLUR가 세이브의 배경 블러 설정을 덮어쓰며 세이브는 저장하지 않음. 장면: MENU, PLAY, SHOP, CODEX, SEARCH=zzqx, SETTINGS(+소리 호버), RUN, AUGSEL=D_BLEED(+카드 호버), PAUSED, GAMEOVER.
A14: 2. 투명도 측정 | B14: 캡처 PNG는 OpenGL 백버퍼(미리 곱한 알파 RGBA). 알파 중앙값을 그 화면의 '막 불투명도'로 사용.
A15: 3. 합성 | B15: DWM 합성식: 결과 = 게임RGB + 배경RGB × (1 − α). 배경은 흰 문서, 창·글자가 많은 복잡한 바탕화면(합성 생성), 그리고 블러 ON 비교용으로 같은 바탕화면을 가우시안 블러한 것.
A16: 4. 실측 검증 | B16: 흰 전체화면 창을 게임 뒤에 띄우고 실제 화면을 캡처해 합성 결과와 비교: 평균 픽셀 차 0.5/255(메인 메뉴), 0.4/255(일시정지). 사용자 바탕화면이 찍히지 않도록 실측 화면은 리포트에 넣지 않음.
A17: 5. 대비 계산 | B17: 흰 배경 위 합성값 V=(1−α)·(1−틴트), 상대휘도 L=sRGB→선형 변환, 흰 글자 대비=1.05/(L+0.05). 흰 글자 가정이라 실제 하늘색·주황 글자는 더 낮음.
A18: 6. 육안 판정 | B18: 복잡한 배경·흰 배경 합성 이미지를 화면별로 검토해 PASS/주의/FAIL을 기록. 측정이 아닌 판단이므로 '점검 결과' J·K열에 따로 둠.
A19: 한계 | B19: 합성 바탕화면은 최악의 경우를 가정한 예시이며 실제 사용 환경의 바탕화면은 다양함. 블러 ON의 아크릴 질감은 가우시안 블러로 근사.
A20: 글꼴 | B20: 본문 14pt(≈18.7px) 이상, 머리글 16pt, 제목 22pt(맑은 고딕). 요청 기준 18px = 13.5pt.

Sheet 캡처 비교
A1: 화면 | B1: 블러 ON (흐린 복잡 배경) | C1: 블러 OFF (복잡한 배경) | D1: 블러 OFF (흰 배경)
A2: 1. 메인 메뉴
A3: 2. 런 설정(플레이)
A4: 3. 상점(코어 모듈)
A5: 4. 도감
A6: 5. 도감 검색(결과 없음)
A7: 6. 설정 > 화면
A8: 7. 설정 > 소리
A9: 8. 게임 플레이 HUD
A10: 9. 증강 선택
A11: 10. 증강 상세(카드 호버)
A12: 11. 일시정지
A13: 12. 게임오버(플레이 리포트)
