Workbook

Sheet 요약
A1: Onedow 글자 헤일로 적용 스모크 리포트
A3: 점검일 | B3: 2026-10-07
A4: 배경 | B4: Blur_Off_UI_Smoke_Report_2026-10-07.xlsx에서 블러 OFF 시 가독성 문제를 확인. 다만 그 리포트의 '막 불투명도 상향' 권장은 "판·막 없이 바탕화면 위에서 싸우는 느낌"이라는 디자인 의도와 맞지 않아, 글자 단위 해법으로 대체합니다.
A5: 적용 내용 | B5: 모든 텍스트 렌더링(UI·HUD·회전 텍스트)에 글자 모양을 따라가는 부드러운 어두운 헤일로를 셰이더로 추가. 배경 판·막은 추가하지 않음. 강도는 블러 OFF 0.9 / ON 0.55, 두께는 글자 크기의 약 7%(최대 약 2px).
A6: 점검 방법 | B6: 동일한 스모크 장면 12개를 블러 OFF로 다시 캡처해 흰 배경·복잡한 배경 위에 합성하고, 글자 가장자리 대비비를 전후 비교. 블러 ON 화면도 함께 캡처해 기존 모습이 지저분해지지 않았는지 확인.
A8: 흰 배경 판정 집계
A9: 구분 | B9: PASS / 주의 / FAIL 개수 (12개 화면)
A10: 헤일로 적용 전 | B10: ="PASS "&COUNTIF('헤일로 전후 비교'!J5:J16,"PASS")&" / 주의 "&COUNTIF('헤일로 전후 비교'!J5:J16,"주의")&" / FAIL "&COUNTIF('헤일로 전후 비교'!J5:J16,"FAIL") -> PASS 3 / 주의 1 / FAIL 8
A11: 헤일로 적용 후 | B11: ="PASS "&COUNTIF('헤일로 전후 비교'!G5:G16,"PASS")&" / 주의 "&COUNTIF('헤일로 전후 비교'!G5:G16,"주의")&" / FAIL "&COUNTIF('헤일로 전후 비교'!G5:G16,"FAIL") -> PASS 12 / 주의 0 / FAIL 0
A12: 흰 배경 대비 개선(중앙값) | B12: =MEDIAN('헤일로 전후 비교'!F5:F16) -> 2.6645816
A14: 결론
A15: 밝은 배경 | B15: 흰 배경에서 글자 가장자리 대비가 1.2~2.8:1 → 5.1~8.9:1로 올라 12개 화면 모두 WCAG AA(4.5:1)를 넘습니다. HUD도 1.2:1 → 5.3:1로, 밝은 바탕화면 위에서 점수·레벨을 읽을 수 있게 됐습니다.
A16: 복잡한 배경 | B16: 큰 글자와 중간 크기 글자는 배경 글자와 분리돼 읽힙니다. 아주 작은 글자(Supporting 단계)는 여전히 배경 무늬와 경쟁하므로, 정보성 작은 글자의 최소 크기를 올리거나 상세 정보를 호버 때만 보여 주는 정리가 다음 단계로 필요합니다.
A17: 블러 ON 화면 | B17: 헤일로가 강도 0.55로 은은하게 들어가 기존 모습과 거의 같고, 글자 가장자리가 조금 더 또렷해졌습니다. 예전 4방향 키라인처럼 지저분해지는 문제는 보이지 않았습니다.
A18: 남은 일 | B18: ① 작은 글자 최소 크기 상향 검토 ② 하늘색·주황 등 중간 밝기 글자색을 한 단계 밝게 ③ 기존 리포트의 권장 조치 B-01·B-03·B-04·B-05(막 상향)는 이 리포트로 대체.

Sheet 헤일로 전후 비교
A1: 글자 가장자리 대비: 헤일로 적용 전 → 후 (블러 OFF, KR, 2560×1599)
A2: 값 = 글자 픽셀과 바로 바깥 3px 중 가장 어두운 픽셀의 대비비(중앙값). 파란 글자 = 측정값, 검은 글자 = 수식. 판정 기준은 '설정·기준' B4·B5.
A4: No | B4: 화면 | C4: 막 불투명도 (블러 OFF) | D4: 흰 배경 전 | E4: 흰 배경 후 | F4: 흰 배경 개선 배율 | G4: 흰 배경 판정 (후) | H4: 복잡한 배경 전 | I4: 복잡한 배경 후 | J4: 흰 배경 판정 (전)
A5: 1 | B5: 메인 메뉴 | C5: 0.322 | D5: 6.08 | E5: 6.22 | F5: =E5/D5 -> 1.0230263 | G5: =IF(E5>=설정·기준!$B$4,"PASS",IF(E5>=설정·기준!$B$5,"주의","FAIL")) -> PASS | H5: 6.34 | I5: 7.22 | J5: =IF(D5>=설정·기준!$B$4,"PASS",IF(D5>=설정·기준!$B$5,"주의","FAIL")) -> PASS
A6: 2 | B6: 런 설정(플레이) | C6: 0.373 | D6: 2.2 | E6: 5.11 | F6: =E6/D6 -> 2.3227273 | G6: =IF(E6>=설정·기준!$B$4,"PASS",IF(E6>=설정·기준!$B$5,"주의","FAIL")) -> PASS | H6: 7.11 | I6: 9.29 | J6: =IF(D6>=설정·기준!$B$4,"PASS",IF(D6>=설정·기준!$B$5,"주의","FAIL")) -> FAIL
A7: 3 | B7: 상점(코어 모듈) | C7: 0.318 | D7: 2.65 | E7: 6.95 | F7: =E7/D7 -> 2.6226415 | G7: =IF(E7>=설정·기준!$B$4,"PASS",IF(E7>=설정·기준!$B$5,"주의","FAIL")) -> PASS | H7: 6 | I7: 9.75 | J7: =IF(D7>=설정·기준!$B$4,"PASS",IF(D7>=설정·기준!$B$5,"주의","FAIL")) -> FAIL
A8: 4 | B8: 도감 | C8: 0.345 | D8: 2.39 | E8: 6.85 | F8: =E8/D8 -> 2.8661088 | G8: =IF(E8>=설정·기준!$B$4,"PASS",IF(E8>=설정·기준!$B$5,"주의","FAIL")) -> PASS | H8: 8.09 | I8: 9.83 | J8: =IF(D8>=설정·기준!$B$4,"PASS",IF(D8>=설정·기준!$B$5,"주의","FAIL")) -> FAIL
A9: 5 | B9: 도감 검색(결과 없음) | C9: 0.345 | D9: 2.39 | E9: 7.44 | F9: =E9/D9 -> 3.1129707 | G9: =IF(E9>=설정·기준!$B$4,"PASS",IF(E9>=설정·기준!$B$5,"주의","FAIL")) -> PASS | H9: 8.04 | I9: 11.6 | J9: =IF(D9>=설정·기준!$B$4,"PASS",IF(D9>=설정·기준!$B$5,"주의","FAIL")) -> FAIL
A10: 6 | B10: 설정 > 화면 | C10: 0.329 | D10: 1.54 | E10: 7.59 | F10: =E10/D10 -> 4.9285714 | G10: =IF(E10>=설정·기준!$B$4,"PASS",IF(E10>=설정·기준!$B$5,"주의","FAIL")) -> PASS | H10: 9.1 | I10: 11.37 | J10: =IF(D10>=설정·기준!$B$4,"PASS",IF(D10>=설정·기준!$B$5,"주의","FAIL")) -> FAIL
A11: 7 | B11: 설정 > 소리 | C11: 0.329 | D11: 1.34 | E11: 7.82 | F11: =E11/D11 -> 5.8358209 | G11: =IF(E11>=설정·기준!$B$4,"PASS",IF(E11>=설정·기준!$B$5,"주의","FAIL")) -> PASS | H11: 9.27 | I11: 11.57 | J11: =IF(D11>=설정·기준!$B$4,"PASS",IF(D11>=설정·기준!$B$5,"주의","FAIL")) -> FAIL
A12: 8 | B12: 게임 플레이 HUD | C12: 0 | D12: 1.18 | E12: 5.34 | F12: =E12/D12 -> 4.5254237 | G12: =IF(E12>=설정·기준!$B$4,"PASS",IF(E12>=설정·기준!$B$5,"주의","FAIL")) -> PASS | H12: 2.88 | I12: 7.41 | J12: =IF(D12>=설정·기준!$B$4,"PASS",IF(D12>=설정·기준!$B$5,"주의","FAIL")) -> FAIL
A13: 9 | B13: 증강 선택 | C13: 0.737 | D13: 5.53 | E13: 7.59 | F13: =E13/D13 -> 1.3725136 | G13: =IF(E13>=설정·기준!$B$4,"PASS",IF(E13>=설정·기준!$B$5,"주의","FAIL")) -> PASS | H13: 7.88 | I13: 8.88 | J13: =IF(D13>=설정·기준!$B$4,"PASS",IF(D13>=설정·기준!$B$5,"주의","FAIL")) -> PASS
A14: 10 | B14: 증강 상세(카드 호버) | C14: 0.737 | D14: 5.68 | E14: 7.87 | F14: =E14/D14 -> 1.3855634 | G14: =IF(E14>=설정·기준!$B$4,"PASS",IF(E14>=설정·기준!$B$5,"주의","FAIL")) -> PASS | H14: 8.53 | I14: 9.3 | J14: =IF(D14>=설정·기준!$B$4,"PASS",IF(D14>=설정·기준!$B$5,"주의","FAIL")) -> PASS
A15: 11 | B15: 일시정지 | C15: 0.459 | D15: 4.24 | E15: 8.9 | F15: =E15/D15 -> 2.0990566 | G15: =IF(E15>=설정·기준!$B$4,"PASS",IF(E15>=설정·기준!$B$5,"주의","FAIL")) -> PASS | H15: 7.97 | I15: 10.72 | J15: =IF(D15>=설정·기준!$B$4,"PASS",IF(D15>=설정·기준!$B$5,"주의","FAIL")) -> 주의
A16: 12 | B16: 게임오버 | C16: 0.569 | D16: 2.76 | E16: 7.47 | F16: =E16/D16 -> 2.7065217 | G16: =IF(E16>=설정·기준!$B$4,"PASS",IF(E16>=설정·기준!$B$5,"주의","FAIL")) -> PASS | H16: 8.42 | I16: 9.46 | J16: =IF(D16>=설정·기준!$B$4,"PASS",IF(D16>=설정·기준!$B$5,"주의","FAIL")) -> FAIL
A18: ※ 복잡한 배경 값은 원래부터 높게 나옵니다: 주변 3px 안에 배경의 어두운 글자 줄이 들어오기 때문입니다. 이 지표는 배경 무늬가 산만한 정도를 측정하지 못하므로 복잡한 배경은 '캡처 비교' 시트의 육안 확인을 기준으로 봅니다.
A19: ※ 막 불투명도는 바뀌지 않았습니다(판·막 미사용 원칙). 개선은 모두 글자 단위 헤일로에서 나왔습니다.

Sheet 설정·기준
A1: 설정·기준
A3: 항목 | B3: 값 | C3: 설명
A4: 대비 PASS 기준 | B4: 4.5 | C4: WCAG 2.x 일반 텍스트 최소 대비(AA).
A5: 대비 주의 기준 | B5: 3 | C5: WCAG 2.x 큰 텍스트 최소 대비. 미만은 FAIL.
A6: 헤일로 강도(블러 OFF) | B6: 0.9 | C6: WiNILL/Render/GameFonts.cpp UpdateGameTextHalo.
A7: 헤일로 강도(블러 ON) | B7: 0.55 | C7: 블러 ON은 바탕 무늬가 이미 흐려져 대비 보강만 필요.
A8: 헤일로 최대 두께(px, 1600p 기준) | B8: 2 | C8: 화면 높이에 비례, 최소 1.5px. 실제 두께는 글자 크기의 약 7%(최소 0.9px)로 제한.
A9: 글리프 여백(텍셀) | B9: 4 | C9: TextRenderer kGlyphPad. 헤일로가 이웃 글리프를 샘플링하지 않도록 아틀라스에 굽는 빈 여백.

Sheet 캡처 비교
A1: 화면별 전후 비교 (왼쪽부터: 흰 배경 전 · 흰 배경 후 · 복잡한 배경 전 · 복잡한 배경 후)
A3: 화면 | B3: 캡처(블러 OFF 합성)
A4: 1. 메인 메뉴
A5: 2. 런 설정(플레이)
A6: 3. 상점(코어 모듈)
A7: 4. 도감
A8: 5. 도감 검색(결과 없음)
A9: 6. 설정 > 화면
A10: 7. 설정 > 소리
A11: 8. 게임 플레이 HUD
A12: 9. 증강 선택
A13: 10. 증강 상세(카드 호버)
A14: 11. 일시정지
A15: 12. 게임오버
